"ID_GUID";"Nome_Modelo";"Fabricante";"Potencia_Nominal_W";"Tensao_Bateria_V";"Capacidade_Bateria_Ah";"Tensao_AC_V";"Descricao_Detalhada"
"e131188c-2847-4ed8-b4ca-908a334a4040";"2300ES-AC";"N/A";;;;;"Batteriewechselrichter / battery inverter"
"e2f13f0d-86a8-4b1d-bac1-f114873e88ea";"3000ES-AC";"N/A";;;;;"Batteriewechselrichter / battery inverter"
"f17d3639-5b8d-46b7-a70d-c4be673d9c6d";"4500ES-AC";"N/A";;;;;"Batteriewechselrichter / battery inverter"
"997a8fda-c722-4117-9ded-7a29bc0e4c01";"5000 W - 3p";"N/A";;;;;""
"60a1b417-00ad-4f50-b337-51af747cabab";"AE-HBD-10KTL-S1";"N/A";;;;;"Hybrid inverter/10KW/400V/50Hz/0.97/420V/850V/IP65"
"56bd270f-8cc7-4faa-b2f6-a39cc75e55cc";"AE-HBD-3KTL-S1";"N/A";;;;;"Hybrid inverter/3.68KW/230V/50Hz/0.97/80V/560V/IP65"
"903f3cf5-e980-48c4-b44c-c6ab78bdcb32";"AE-HBD-5KTL-S1";"N/A";;;;;"Hybrid inverter/5KW/230V/50Hz/0.97/80V/560V/IP65"
"1b3d3f9e-bc02-4ad8-8e1b-379a3bb53423";"AE-HBD-6KTL-S1";"N/A";;;;;"Hybrid inverter/6KW/230V/50Hz/0.97/80V/560V/IP65"
"5288577f-3ce9-4764-9963-48e515ae5968";"AE-HBD-8KTL-S1";"N/A";;;;;"Hybrid inverter/8KW/400V/50Hz/0.97/420V/850V/IP65"
"7c39fb6d-f8ce-4d6b-a0dd-f226aeb2b426";"AHS-5-LV";"N/A";;;;;"This model only supports off grid+PV systems"
"f732969f-87a3-48ec-a9d0-754264f01a1c";"AHS-6.3";"N/A";;;;;"www.apsystems.com"
"20416c60-01e0-4c4e-bd18-06aa239da594";"All in One 2";"N/A";;;;;"Soltaro All in One 2 "
"f15ed5bf-8b4e-43db-9c7b-902fb4ebb688";"Atlas03";"N/A";;;;;"DraftATLAS 03 is an industrial and commercial integrated energy storage machine including battery box, control box, PCS, air conditioning system, BMS, EMS, fire protection system, etc."
"9a1562b0-f533-4931-b941-abbe97c3fa5f";"BluE-S-3680D";"N/A";;;;;"All- in-one Battery Energy Storage System (BluE-Pack-5.1/10.2/15.3/20.4).Quick Installation."
"07a4a300-777b-4cf1-bd64-332af5c41843";"BluE-S-5000D";"N/A";;;;;"All- in-one Battery Energy Storage System (BluE-Pack-5.1/10.2/15.3/20.4).Quick Installation."
"bfaee4aa-7ead-4fdb-93a3-c4d755eac496";"BW-INV-SPB5K";"N/A";;;;;""
"5105f481-de2c-4c66-b02c-72f0cbbfb730";"Conext SW 4048 230";"N/A";;;;;"Battery Inverter charger"
"8194d487-1a85-477f-a3c1-6cde8eef5367";"Conext XW Pro 230V";"N/A";;;;;"Battery Inverter charger"
"32a1c93d-35f1-4be6-9104-df28325d2ccf";"Conext XW+ 8548E";"N/A";;;;;"Battery Inverter charger"
"91887174-7db4-48f5-a84e-f43fb4db1348";"E10KT";"N/A";;;;;""
"7160e3a4-4bda-42c1-a41b-511f250cd321";"Emaldo Power Store  Stand alone ";"N/A";;;;;"Inverter 10.8 kW capacity"
"deeade41-1b3a-42bc-a46b-6e9d4281ba8f";"EZOG-LV";"N/A";;;;;"This model only supports off grid+PV systems"
"5b91881a-8cdf-4c49-840e-e72851765ef6";"GIV-3HY-11.0-HV";"N/A";;;;;"11kw 3 Phase Hybrid Inverter"
"1542d6b9-ee26-415f-9c36-dfaa323063f2";"GIV-AC-3.0";"N/A";;;;;"3kW AC Coupled Inverter"
"e9c6e419-bae9-4e46-a51d-803258cd9102";"GIV-HY-10.0-G3-HV";"N/A";;;;;"10KW Hybrid inverter, generation 3, cast body, connect with HV stackable battery"
"158fe6d5-c2d1-4cd0-b2d0-0a6e62eaaef3";"GIV-HY-3.6";"N/A";;;;;"3.6kW Hybrid Inverter"
"f33d34ed-0938-44c8-93f0-34ff8fb0f838";"GIV-HY-3.6-G3";"N/A";;;;;"3.6KW Hybrid GEN 3 Inverter IP65 curved cover"
"84c81ed4-733c-4312-8c97-3ac77dc74d3a";"GIV-HY-5.0";"N/A";;;;;"5kW Hybrid Inverter"
"efda3109-93c1-43a4-9798-736563a182d5";"GIV-HY-5.0-G3";"N/A";;;;;"5.0KW Hybrid GEN 3 Inverter IP65 curved cover"
"e31d6735-6f5c-4b65-af15-8e8ffe315020";"GIV-HY-8.0-G3-HV";"N/A";;;;;"8KW Hybrid inverter, generation 3, cast body, connect with HV stackable battery"
"41bc4b2f-9a34-4751-b7d5-9bce0e9ed13d";"GIV-PCS-50";"N/A";;;;;"50kW Commercial inverter and charge controller"
"e9abbc24-cdc4-4761-af6e-e0f8d0a7cc29";"gridsave 110 TL3-S";"N/A";;;;;"bidirectional battery Inverter"
"46d05ff1-6e40-49d8-8364-dd02b61f4433";"gridsave 137 TL3-S";"N/A";;;;;"bidirectional battery Inverter"
"6805406c-8270-4ea8-ba5e-7508124ab758";"gridsave 92.0 TL3-S";"N/A";;;;;"bidirectional battery Inverter"
"4019f703-35b7-480b-b884-6f6e4e9d7e20";"HiRY10KT-A0";"N/A";;;;;"15kW"
"db3bbce6-1856-48b1-b705-2b003f435a13";"HiRY12KT-A0";"N/A";;;;;"18kW"
"89885f4f-d28e-457b-b234-6cef3e41b69f";"HiRY15KT-A0";"N/A";;;;;"22.5kW"
"b6a9d7ae-5409-492d-a205-714e8ac144ff";"HiRY3K6S-A0";"N/A";;;;;"5.4kW"
"2897c2eb-23b5-4d05-aabf-51ccabf1aff6";"HiRY3KS-A0";"N/A";;;;;"4.5kW"
"6459d604-850e-41a9-a2c8-e4a4db216c53";"HiRY4K6S-A0";"N/A";;;;;"6.9kW"
"8f824e0a-0c0b-46d0-97f3-733387a04a77";"HiRY4KS-A0";"N/A";;;;;"6kW"
"d0309e59-b5d9-44dd-890f-26888b82ed63";"HiRY5KS-A0";"N/A";;;;;"7.5kW"
"6f07298c-d7b7-40c5-a8cf-6c931222a0dc";"HiRY6KS-A0";"N/A";;;;;"9kW"
"53d7f51e-154d-419b-b696-9ec75d10d99b";"HiRY6KT-A0";"N/A";;;;;"9kW"
"7d8b012b-4835-4d7e-ad56-66946f4f1eea";"HiRY8KS-A0";"N/A";;;;;"12kW"
"8e77ea82-b069-471a-8e9c-1a42f97a8288";"HiRY8KT-A0";"N/A";;;;;"12kW"
"6aa415b0-12e2-43ec-af41-2f9f8e2c2b24";"KAC50DP";"N/A";;;;;"50 kW PCS/Hybrid Inverter"
"9a30da94-5302-4cbb-ad0d-63ce399dfccb";"LC-E2-10K series";"N/A";;;;;""
"195c8767-3a7c-475d-8a73-9466444e9781";"LC-E2-12K series";"N/A";;;;;""
"90462df3-249f-4dde-adf0-7424fe3b3431";"LC-E2-8K series";"N/A";;;;;""
"1a12fa6c-8adb-4e10-a7d4-b012bc705c5a";"Mars 10000 HVT";"N/A";;;;;"This series is especially suitable for application scene of high power, limited installation space, restricted load-bearing and long cycle life."
"773a548c-5e17-44bf-b72b-db259eed71a0";"Mars 6000 HVS";"N/A";;;;;"This series is especially suitable for application scene of high power, limited installation space, restricted load-bearing and long cycle life."
"992b3b43-30a9-41a3-9225-ce4143510eff";"MAX.STORAGE 10";"N/A";;;;;"All-in-One-System/Modularer Aufbau/Variable Lade-Entladeströme von 2-8kW/Variable Speicherkapazität von 2-16kWh"
"2ed98771-ce7f-4a08-a775-a0505e4aca7e";"MAX.STORAGE 12";"N/A";;;;;"All-in-One-System/Modularer Aufbau/Variable Lade-Entladeströme von 2-8kW/Variable Speicherkapazität von 2-16kWh"
"3e86ec94-09e5-4a2c-8bfa-6eb4f23721a3";"MAX.STORAGE 15";"N/A";;;;;"All-in-One-System/Modularer Aufbau/Variable Lade-Entladeströme von 2-8kW/Variable Speicherkapazität von 2-16kWh"
"b9629d98-f9e9-412b-a351-5cebd5d6830c";"MAX.STORAGE 6";"N/A";;;;;"All-in-One-System/Modularer Aufbau/Variable Lade-Entladeströme von 2-8kW/Variable Speicherkapazität von 2-16kWh"
"6f12cf57-8647-4551-99fc-13e7862ebe85";"MAX.STORAGE 8";"N/A";;;;;"All-in-One-System/Modularer Aufbau/Variable Lade-Entladeströme von 2-8kW/Variable Speicherkapazität von 2-16kWh"
"d64dba84-2f9f-42ca-b4a8-0d7280ba688c";"MAX.STORAGE ULTIMATE 10";"N/A";;;;;"All-in-One-System/Modularer Aufbau/Variable Lade-Entladeströme von 2-10KW/Variable Speicherkapazität von 3-15kWh"
"fb42b27a-6171-4d4e-ae73-39bf401a6f8b";"ME 10KTL-3PH";"N/A";;;;;"10KW AC Coupled energy storage inverter"
"e15754cb-83f0-42e1-96a7-20c2bb73885a";"ME 15KTL-3PH";"N/A";;;;;"15KW AC Coupled energy storage inverter"
"f5fc7550-ec02-4e34-bc7b-33dc10475ec9";"ME 20KTL-3PH";"N/A";;;;;"20KW AC Coupled energy storage inverter"
"958606b1-1282-4300-9fd3-78f00968b800";"ME 5KTL-3PH";"N/A";;;;;"5KW AC Coupled energy storage inverter"
"32946852-13c9-4622-9f27-f0ff5f236c69";"ME 6KTL-3PH";"N/A";;;;;"6KW AC Coupled energy storage inverter"
"c6ccb408-73cc-4d75-b1b3-ddd2ad191a88";"ME 8KTL-3PH";"N/A";;;;;"8KW AC Coupled energy storage inverter"
"0f4b20a4-c925-4d26-9b48-75bfaa9de611";"ME3000SP";"N/A";;;;;"3KW AC Coupled energy storage inverter"
"bedc06bf-89d7-4354-96d1-16e9455a6356";"next3 nx3-16000-48-STI";"N/A";;;;;""
"d876a22c-d23d-41bc-9455-4aa705c60006";"NORD EcoMaster 3P 10.0";"N/A";;;;;"3-phases asymmetric inverter"
"5ba2dbd5-a182-4bd7-90a6-0b88b01e4152";"NORD EcoMaster 3P 12.0";"N/A";;;;;"3-phases asymmetric inverter"
"f79ac1c2-6696-4aad-aa73-ad8d26cf3c86";"NORD EcoMaster 3P 15.0";"N/A";;;;;"3-phases asymmetric inverter"
"4ce64f78-f52a-4c36-bfd2-7f25a580994b";"NORD EcoMaster 3P 5.0";"N/A";;;;;"3-phases asymmetric inverter"
"274a68b6-714c-479e-a5e9-2b0de5cf828e";"NORD EcoMaster 3P 6.0";"N/A";;;;;"3-phases asymmetric inverter"
"7b151b97-460e-4ede-9af4-0631d2748823";"NORD EcoMaster 3P 8.0";"N/A";;;;;"3-phases asymmetric inverter"
"11f625f6-acd8-4f5b-bf1a-359b44c21150";"PBI 50K";"N/A";;;;;"Pramac Battery Inverter 50kW Power with Pre-Charge 422P050"
"e89a6989-23d6-45eb-ae6a-385efafc75f4";"PBI 50K-PC";"N/A";;;;;"Pramac Battery Inverter 50kW Power with Pre-Charge"
"b9957ca6-4cbd-49d0-86e8-c96fe3a2cd3e";"PBI 90K";"N/A";;;;;"Pramac Battery Inverter 90kW Power with Pre-Charge 422P090"
"6a74bbee-f5d5-43cd-9654-0510857715dc";"PixiiBox 48/3300";"N/A";;;;;""
"2dafd466-91a7-422e-bd48-b461faa46df5";"PowerRack 10kW with 3xPixiiBox 48/3300";"N/A";;;;;""
"d3e36f9e-4815-4f5c-9c27-7109575299d4";"RPOWER® PV-HYWR-10KW-3P-02-WIFI (Hybrid) 10-Jahre-Garantie";"N/A";;;;;"RPOWER® 10kW Hybrid-Wechselrichter 3Phasig mit Back-Up Ausgang bei Netzausfall und Inselbetriebsfähigkeit und 2 MPPT,                                      www.rp-group.com/photovoltaik"
"7048e759-c532-49f7-9d4a-2253e641ea54";"RPOWER® PV-HYWR-12KW-3P-02-WIFI (Hybrid) 10-Jahre-Garantie";"N/A";;;;;"RPOWER® 12kW Hybrid-Wechselrichter 3Phasig mit Back-Up Ausgang bei Netzausfall und Inselbetriebsfähigkeit und 2 MPPT,                                      www.rp-group.com/photovoltaik"
"b0025cc3-a232-43d3-b6b3-769d605f1606";"RPOWER® PV-HYWR-4KW-3P-02-WIFI (Hybrid) 10-Jahre-Garantie";"N/A";;;;;"RPOWER® 4kW Hybrid-Wechselrichter 3Phasig mit Back-Up Ausgang bei Netzausfall und Inselbetriebsfähigkeit und 2 MPPT,                                      www.rp-group.com/photovoltaik"
"05b9f9d1-b925-4d3d-9970-b42d6e9e4fd3";"RPOWER® PV-HYWR-6KW-3P-02-WIFI (Hybrid) 10-Jahre-Garantie";"N/A";;;;;"RPOWER® 6kW Hybrid-Wechselrichter 3Phasig mit Back-Up Ausgang bei Netzausfall und Inselbetriebsfähigkeit und 2 MPPT,                                      www.rp-group.com/photovoltaik"
"a8d313b0-cc35-4b38-8df6-5d0a0183d56a";"RPOWER® PV-HYWR-8KW-3P-02-WIFI (Hybrid) 10-Jahre-Garantie";"N/A";;;;;"RPOWER® 8kW Hybrid-Wechselrichter 3Phasig mit Back-Up Ausgang bei Netzausfall und Inselbetriebsfähigkeit und 2 MPPT,                                      www.rp-group.com/photovoltaik"
"8873cc2e-9568-4b6b-b19a-17257e8cd97c";"SPF 3500ES";"N/A";;;;;"Off-grid inverter， MPPT charger integrated"
"b5397439-20b4-4a57-8e8a-0dbe8b4d53ac";"SPF 5000ES";"N/A";;;;;"Off-grid inverter， MPPT charger integrated"
"8452e53c-8014-48c5-9d7c-b1908266b114";"SUN-10K-SG01HP3-EU-AM2";"N/A";;;;;"SUN-10K-SG01HP3-EU-AM2 HV Hybrid inverter"
"f91259d9-3d0e-4c58-972c-d4dcfe361563";"SUN-10K-SG01LP3";"N/A";;;;;"Sunsynk 10KW Hybrid Inverter Three Phase"
"9f88e5e1-c9a6-4c8c-8278-48f1a1302ea8";"SUN-12K-SG01HP3-EU-AM2";"N/A";;;;;"SUN-12K-SG01HP3-EU-AM2 HV Hybrid inverter"
"2b5f9d9d-2176-42b0-be3d-e4fc155f0f05";"SUN-12K-SG01LP3";"N/A";;;;;"Sunsynk 10KW Hybrid Inverter Three Phase"
"86d80262-2804-4770-9d03-2a9035140ef8";"SUN-15K-SG01HP3-EU-AM2";"N/A";;;;;"SUN-15K-SG01HP3-EU-AM2 HV Hybrid inverter"
"c5e5c340-f2b7-444e-bace-0fa12507badb";"SUN-16K-SG01LP1";"N/A";;;;;"SUN-16K-SG01LP1 Sunsynk 16KW Hybrid Inverter"
"fa237b8f-a25f-492c-b6d9-473631c8a7cb";"SUN-20K-SG01HP3-EU-AM2";"N/A";;;;;"SUN-20K-SG01HP3-EU-AM2 HV Hybrid inverter"
"a482e8cb-6736-4cba-9139-c0f63948dc21";"SUN-25K-SG01HP3-EU-AM2";"N/A";;;;;"SUN-25K-SG01HP3-EU-AM2 HV Hybrid inverter"
"c57b3c7c-49fa-4cd1-ae75-6b01ca4a8553";"SUN-29.9K-SG01HP3-EU-BM3";"N/A";;;;;"SUN-29.9K-SG01HP3-EU-BM3 HV Hybrid inverter"
"a1c5f310-6809-4f0a-bb63-c29da9e7a7cb";"SUN-30K-SG01HP3-EU-BM3";"N/A";;;;;"SUN-30K-SG01HP3-EU-BM3 HV Hybrid inverter"
"3cc85834-2e67-4511-b9d3-7d8118eb0877";"SUN-35K-SG01HP3-EU-BM3";"N/A";;;;;"SUN-35K-SG01HP3-EU-BM3 HV Hybrid inverter"
"eac0fe14-87f2-4007-9b7d-36473f77fd4c";"SUN-40K-SG01HP3-EU-BM4";"N/A";;;;;"SUN-40K-SG01HP3-EU-BM4 HV Hybrid inverter"
"85595885-4a09-41a7-a508-3f0369e203f4";"SUN-50K-SG01HP3-EU-BM2";"N/A";;;;;"SUN-50K-SG01HP3-EU-BM2 HV Hybrid inverter"
"1cc31402-ab7b-4d3d-b835-8724ba3f8704";"SUN-6K-SG01HP3-EU-AM2";"N/A";;;;;"SUN-6K-SG01HP3-EU-AM2 HV Hybrid inverter"
"a1dbcd54-7c3f-48bf-ab0a-9cdcf36f7d03";"SUN-8K-SG01HP3-EU-AM2";"N/A";;;;;" SUN-8K-SG01HP3-EU-AM2 HV Hybrid inverter"
"832f3c92-9c1a-42ba-ad79-7f5522c032cc";"SUN-8K-SG01LP3";"N/A";;;;;"Sunsynk 8KW Hybrid Inverter Three Phase"
"77ef3206-cc33-4db8-9315-9093e8455c43";"Sungrow PowerStack SC110CX";"N/A";;;;;"Batterie-WR im Sungrow PowerStack ST225kWh-110kW-2h    --- Battery Inverter in Sungrow PowerStack ST225kWh-110kW-2h"
"c458452e-aef5-4171-b59e-3a27de0f59e9";"Sungrow PowerStack SC125CX";"N/A";;;;;"Batterie-WR im Sungrow PowerStack ST255kWh-125kW-2h oder ST510kWh-125kW-4h    --- Battery Inverter in Sungrow PowerStack ST255kWh-125kW-2h or ST510kWh-125kW-4h"
"571dbf10-3fdf-4a6e-9e97-fbf147d5a01c";"Sunny Island 2012";"N/A";;;;;""
"eb9e501e-c3ac-46f0-9f91-42bee955da3a";"Sunny Island 2224";"N/A";;;;;""
"06b8c39f-04cf-45b6-a9f7-55fee06935fd";"Sunny Island 3.0 M";"N/A";;;;;""
"269ae48a-ede6-4b02-9552-20c438108037";"Sunny Island 3324";"N/A";;;;;""
"afbc3cc6-93e4-494c-814d-fdc181dce208";"Sunny Island 4.4 M";"N/A";;;;;""
"9ef320fb-61ed-449a-abd2-dd00ed58d898";"Sunny Island 4248";"N/A";;;;;""
"637f70a8-f53b-4147-929d-e5e4e107efc2";"Sunny Island 4248U";"N/A";;;;;""
"174001b9-17f8-44b1-89c4-bd8ff1266c05";"Sunny Island 4548-US";"N/A";;;;;""
"9d97d198-3446-4ff9-b00a-4292894111a8";"Sunny Island 5048";"N/A";;;;;""
"07c6607a-2c15-48fd-b92b-9026edefaaf5";"Sunny Island 5048U";"N/A";;;;;""
"a259569d-0cd2-40cb-b93f-4c752c13f00e";"Sunny Island 6.0H";"N/A";;;;;""
"e562b443-557e-4205-b8d5-399040c23376";"Sunny Island 6048-US";"N/A";;;;;""
"ebe39aeb-e3a0-4c4c-9345-9741101278ac";"Sunny Island 8.0H";"N/A";;;;;""
"246e7cbc-14f2-492e-ad0b-4f2ef4cf60af";"Sunny island X 30";"N/A";;;;;"Next generation SMA battery inverter — more powerful than ever "
"5633ef37-c0ff-4f41-9da6-f9cd288fbfc5";"Sunny island X 50";"N/A";;;;;"Next generation SMA battery inverter — more powerful than ever "
"c62dc0c5-d345-4553-bf9c-d766e9fe41f6";"SUNSYNK-10K-SG02LP1";"N/A";;;;;"SUNSYNK-10K-SG02LP1 Sunsynk 10KW Single Phase Hybrid Inverter"
"c843c720-38d5-4bf9-aa33-d94a8fb21556";"SUNSYNK-12K-SG02LP1";"N/A";;;;;"SUNSYNK-12K-SG02LP1 Sunsynk 12KW Single phase Hybrid Inverter"
"6e97120c-052b-4ee1-9201-ce6e130795e5";"SUNSYNK-3.6K-SG01/03LP1";"N/A";;;;;"Hybrid inverter that uses Solar power; Mains Utility and generators to effectively store and release power.  "
"d201dc87-df87-4539-93bd-5b57a6857e97";"SUNSYNK-5.5K-SG01/03LP1";"N/A";;;;;"Hybrid inverter that uses Solar power; Mains Utility and generators to effectively store and release power.  "
"096721f3-7f65-4c3a-a6ac-9be9fe19fc2d";"SUNSYNK-8K-SG02LP1";"N/A";;;;;"Sunsynk 8KW Hybrid Inverter"
"51357885-71b1-45f4-bce8-12ceb6f3411b";"Venus 10000 HVT";"N/A";;;;;"This series is especially suitable for application scene of high power, limited installation space, restricted load-bearing and long cycle life."
"ed88d060-f644-4f91-8184-ecd0cf0ffc65";"Venus 6000 HVS";"N/A";;;;;"This series is especially suitable for application scene of high power, limited installation space, restricted load-bearing and long cycle life."
"e4a306aa-5cdd-4d40-a850-3161f5238486";"VIC-ZEROGRID INVERTER 15.0";"N/A";;;;;"INVERTER for VIC-ZEROGRID ESS Energy Storage System"
"90dbc490-a38f-4317-b9d2-2871126dccc8";"WTS-10KW-3P";"N/A";;;;;"Wattsonic 10kw 3Phase hybrid inverter with high voltage batteries"
"14bbd4d8-bdac-43b9-883f-5f34b5bf3db1";"XSTHS1P-3.68K";"N/A";;;;;"All in one 25kwh"
"67fc401a-f3e8-46e1-9fcc-b210875ed814";"XSTHS1P-5K";"N/A";;;;;""
"493092e3-9f73-484d-85e1-7a1c26869b20";"XSTHS1P-6K";"N/A";;;;;"6kW Single phase Hybrid inverter"
"bd17fe27-7ac2-4bc2-a190-99914a1b3535";"XSTHS3P-10K";"N/A";;;;;"10kW three phase Hybrid inverter"
"1bb34110-dab9-4aba-841f-b4d1aa472eb9";"XSTHS3P-12K";"N/A";;;;;"12kW three phase Hybrid inverter"
"77895259-e3b0-41b1-b91d-8370e011e656";"XSTHS3P-8K";"N/A";;;;;"8kW three phase Hybrid inverter "
"b7551895-1d32-499e-ac1f-241788c75976";"Zugspitze-Hybrid Inverters (10KW)";"N/A";;;;;"Zugspitze-Hybrid Inverters (10KW)"
"278587fc-cd76-4262-a439-2324d53f3112";"Zugspitze-Hybrid Inverters (6KW)";"N/A";;;;;"Zugspitze-Hybrid Inverters (6KW)"
"6f865998-df3d-4ace-bd8a-b1d449169cbe";"Zugspitze-Hybrid Inverters (8KW)";"N/A";;;;;"Zugspitze-Hybrid Inverters (8KW)"
"87f15384-f61e-4a55-9c3e-099ff4483d37";"Zugspitze Hybrid Inverter G2 (10KW)";"N/A";;;;;"Zugspitze Hybrid Inverter Gen2. Standalone hybrid inverter, power range 10–18 kW. Compatible with Zugspitze all-in-one batteries, up to 40 kWh .3+1 MPPT for optimized PV input management."
"d80f305d-0984-43d5-b0a1-dab6f68fdee5";"Zugspitze Hybrid Inverter G2 (12KW)";"N/A";;;;;"Zugspitze Hybrid Inverter Gen2. Standalone hybrid inverter, power range 10–18 kW. Compatible with Zugspitze all-in-one batteries, up to 40 kWh .3+1 MPPT for optimized PV input management."
"3e46c42a-80cc-4256-bcac-d87d460ea9a3";"Zugspitze Hybrid Inverter G2 (14KW)";"N/A";;;;;"Zugspitze Hybrid Inverter Gen2. Standalone hybrid inverter, power range 10–18 kW. Compatible with Zugspitze all-in-one batteries, up to 40 kWh .3+1 MPPT for optimized PV input management."
"ccc373fd-3211-4072-9a27-03745391da73";"Zugspitze Hybrid Inverter G2 (16KW)";"N/A";;;;;"Zugspitze Hybrid Inverter Gen2. Standalone hybrid inverter, power range 10–18 kW. Compatible with Zugspitze all-in-one batteries, up to 40 kWh .3+1 MPPT for optimized PV input management."
"9f1c8cb2-9b0d-49d7-a3c5-2b9dd18376c5";"Zugspitze Hybrid Inverter G2 (18KW)";"N/A";;;;;"Zugspitze Hybrid Inverter Gen2. Standalone hybrid inverter, power range 10–18 kW. Compatible with Zugspitze all-in-one batteries, up to 40 kWh .3+1 MPPT for optimized PV input management."
